iter	AUC	CrossEntropy
0	0.7002567649	0.6650007161
1	0.7100847065	0.6426438151
2	0.7173922658	0.6249700521
3	0.7207839787	0.6105330729
